<keymap version="1" name="Lurian" parent="VSCode">
  <action id="ActivateDebugToolWindow">
    <keyboard-shortcut first-keystroke="shift ctrl y" />
  </action>
  <action id="ActivateTerminalToolWindow">
    <keyboard-shortcut first-keystroke="ctrl back_quote" />
    <keyboard-shortcut first-keystroke="ctrl quote" />
  </action>
  <action id="ActivateVersionControlToolWindow" />
  <action id="Android.Designer.AutoArrange" />
  <action id="CheckinProject">
    <keyboard-shortcut first-keystroke="alt g" second-keystroke="c" />
  </action>
  <action id="ChooseRunConfiguration">
    <keyboard-shortcut first-keystroke="ctrl semicolon" second-keystroke="a" />
    <keyboard-shortcut first-keystroke="f8" />
  </action>
  <action id="CloseActiveTab">
    <keyboard-shortcut first-keystroke="shift ctrl f4" />
    <keyboard-shortcut first-keystroke="shift ctrl j" />
  </action>
  <action id="CodeCompletion">
    <keyboard-shortcut first-keystroke="ctrl space" />
  </action>
  <action id="DebugClass">
    <keyboard-shortcut first-keystroke="shift ctrl d" />
  </action>
  <action id="EditorDown">
    <keyboard-shortcut first-keystroke="down" />
    <keyboard-shortcut first-keystroke="ctrl j" />
  </action>
  <action id="EditorJoinLines" />
  <action id="EditorLeft">
    <keyboard-shortcut first-keystroke="left" />
    <keyboard-shortcut first-keystroke="ctrl h" />
  </action>
  <action id="EditorRight">
    <keyboard-shortcut first-keystroke="right" />
    <keyboard-shortcut first-keystroke="ctrl l" />
  </action>
  <action id="EditorSelectLine" />
  <action id="EditorUp">
    <keyboard-shortcut first-keystroke="up" />
    <keyboard-shortcut first-keystroke="ctrl k" />
  </action>
  <action id="FileStructurePopup" />
  <action id="ForceOthersToFollowAction" />
  <action id="Generate">
    <keyboard-shortcut first-keystroke="shift ctrl g" />
  </action>
  <action id="GotoSymbol">
    <keyboard-shortcut first-keystroke="ctrl t" />
  </action>
  <action id="Images.Editor.ToggleGrid" />
  <action id="MoveTabRight">
    <keyboard-shortcut first-keystroke="ctrl k" second-keystroke="right" />
    <keyboard-shortcut first-keystroke="alt l" />
  </action>
  <action id="NewElement">
    <keyboard-shortcut first-keystroke="alt insert" />
    <keyboard-shortcut first-keystroke="ctrl i" />
  </action>
  <action id="Refactorings.QuickListPopupAction" />
  <action id="ReformatCode">
    <keyboard-shortcut first-keystroke="shift alt f" />
    <keyboard-shortcut first-keystroke="shift ctrl i" />
  </action>
  <action id="Replace" />
  <action id="RunClass">
    <keyboard-shortcut first-keystroke="shift ctrl f10" />
    <keyboard-shortcut first-keystroke="shift ctrl r" />
  </action>
  <action id="Terminal.ClearBuffer" />
  <action id="UsageFiltering.Imports" />
  <action id="Vcs.Log.FocusTextFilter" />
  <action id="org.intellij.plugins.markdown.ui.actions.styling.ToggleItalicAction" />
</keymap>