<keymap version="1" name="Lurian" parent="VSCode">
  <action id="$SelectAll" />
  <action id="ActivateDebugToolWindow">
    <keyboard-shortcut first-keystroke="shift ctrl y" />
  </action>
  <action id="ActivateStructureToolWindow">
    <keyboard-shortcut first-keystroke="alt 7" />
    <keyboard-shortcut first-keystroke="ctrl s" />
  </action>
  <action id="ActivateTerminalToolWindow">
    <keyboard-shortcut first-keystroke="ctrl back_quote" />
    <keyboard-shortcut first-keystroke="ctrl quote" />
  </action>
  <action id="ActivateVersionControlToolWindow" />
  <action id="CheckinProject">
    <keyboard-shortcut first-keystroke="alt g" second-keystroke="c" />
    <keyboard-shortcut first-keystroke="ctrl k" second-keystroke="ctrl c" />
  </action>
  <action id="ChooseDebugConfiguration">
    <keyboard-shortcut first-keystroke="shift alt f9" />
    <keyboard-shortcut first-keystroke="shift ctrl d" />
  </action>
  <action id="CommentByLineComment">
    <keyboard-shortcut first-keystroke="ctrl k" second-keystroke="ctrl u" />
    <keyboard-shortcut first-keystroke="ctrl slash" />
  </action>
  <action id="EditorDown">
    <keyboard-shortcut first-keystroke="down" />
    <keyboard-shortcut first-keystroke="ctrl j" />
  </action>
  <action id="EditorLeft">
    <keyboard-shortcut first-keystroke="left" />
    <keyboard-shortcut first-keystroke="ctrl h" />
  </action>
  <action id="EditorRight">
    <keyboard-shortcut first-keystroke="right" />
    <keyboard-shortcut first-keystroke="ctrl l" />
  </action>
  <action id="EditorUp">
    <keyboard-shortcut first-keystroke="up" />
    <keyboard-shortcut first-keystroke="ctrl k" />
  </action>
  <action id="FileStructurePopup" />
  <action id="Generate">
    <keyboard-shortcut first-keystroke="shift ctrl g" />
    <keyboard-shortcut first-keystroke="ctrl g" />
  </action>
  <action id="GotoLine" />
  <action id="GotoRow" />
  <action id="GotoSymbol">
    <keyboard-shortcut first-keystroke="ctrl t" />
  </action>
  <action id="HideActiveWindow" />
  <action id="Images.Editor.ToggleGrid" />
  <action id="MoveTabRight">
    <keyboard-shortcut first-keystroke="ctrl k" second-keystroke="right" />
    <keyboard-shortcut first-keystroke="alt l" />
  </action>
  <action id="QuickChangeScheme">
    <keyboard-shortcut first-keystroke="ctrl k" second-keystroke="ctrl t" />
  </action>
  <action id="RecentProjectListGroup" />
  <action id="Refactorings.QuickListPopupAction">
    <keyboard-shortcut first-keystroke="shift ctrl r" />
    <keyboard-shortcut first-keystroke="ctrl r" />
  </action>
  <action id="ReformatCode">
    <keyboard-shortcut first-keystroke="shift alt f" />
    <keyboard-shortcut first-keystroke="shift ctrl i" />
  </action>
  <action id="SaveDocument" />
  <action id="SearchEverywhere">
    <keyboard-shortcut first-keystroke="ctrl a" />
  </action>
  <action id="Terminal.SelectAll" />
  <action id="UsageFiltering.ReadAccess" />
</keymap>