<keymap version="1" name="Lurian" parent="VSCode">
  <action id="ActivateDebugToolWindow">
    <keyboard-shortcut first-keystroke="shift ctrl y" />
  </action>
  <action id="ActivateTerminalToolWindow">
    <keyboard-shortcut first-keystroke="ctrl back_quote" />
    <keyboard-shortcut first-keystroke="ctrl quote" />
  </action>
  <action id="ActivateVersionControlToolWindow" />
  <action id="CheckinProject">
    <keyboard-shortcut first-keystroke="alt g" second-keystroke="c" />
  </action>
  <action id="ChooseDebugConfiguration">
    <keyboard-shortcut first-keystroke="shift alt f9" />
    <keyboard-shortcut first-keystroke="shift ctrl d" />
  </action>
  <action id="ChooseRunConfiguration">
    <keyboard-shortcut first-keystroke="ctrl semicolon" second-keystroke="a" />
    <keyboard-shortcut first-keystroke="f8" />
  </action>
  <action id="CloseActiveTab">
    <keyboard-shortcut first-keystroke="shift ctrl f4" />
    <keyboard-shortcut first-keystroke="shift ctrl j" />
  </action>
  <action id="EditorJoinLines" />
  <action id="FileStructurePopup" />
  <action id="ForceOthersToFollowAction" />
  <action id="Generate">
    <keyboard-shortcut first-keystroke="shift ctrl g" />
  </action>
  <action id="GotoSymbol">
    <keyboard-shortcut first-keystroke="ctrl t" />
  </action>
  <action id="Images.Editor.ToggleGrid" />
  <action id="MoveTabRight">
    <keyboard-shortcut first-keystroke="ctrl k" second-keystroke="right" />
    <keyboard-shortcut first-keystroke="alt l" />
  </action>
  <action id="ReformatCode">
    <keyboard-shortcut first-keystroke="shift alt f" />
    <keyboard-shortcut first-keystroke="shift ctrl i" />
  </action>
</keymap>